ID,FILE,FACE_X,FACE_Y,FACE_WIDTH,FACE_HEIGHT
subject1_a,images/input1.jpg,108.2642,119.6774,170,179
subject4_a,images/input4.jpg,12.25660229,24.31227875,155.15837097,125.42102814
subject5_a,images/input5.jpg,44.65912247,30.22106934,138.8326416,156.31950378
subject7_a,images/input7.jpg,63.90779114,54.21474075,159.63040161,90.42936707
subject8_a,images/input8.jpg,55.83789825,28.98257828,119.10512543,170.62397766
subject9_a,images/input9.jpg,55.74394226,72.12078094,76.75720215,114.19478607
subject10_a,images/input10.jpg,31.65008354,50.32502365,140.12147522,116.59686279
